<?xml version="1.0"?>
<doc>
    <assembly>
        <name>MultiSlider</name>
    </assembly>
    <members>
        <member name="M:CustomControls.Bar.PointFromValue(System.Double)">
            <summary>
            Return the center-point of the new arrow position according to the supplied new value.
            <para/>(NB. the vertical trackbar Canvas bottom = 0, and maps to MS.ActualHeight)
            </summary>
        </member>
        <member name="M:CustomControls.Bar.ValueFromCoords(System.Windows.Point)">
            <summary>
            Return the specified arrow's center converted to it's Value.
            <para/>(NB. the vertical trackbar Canvas bottom = 0, and maps to MS.ActualHeight)
            </summary>
        </member>
        <member name="M:CustomControls.Bar.GetValue(CustomControls.ArrowData)">
            <summary>
            return GetValue at the arrow's position
            </summary>
        </member>
        <member name="M:CustomControls.Bar.SetArrowPos(CustomControls.ArrowData,System.Double)">
            <summary>
            Set arrow's Canvas position within the trackbar view.
            </summary>
            <param name="value">The new Value of the arrow.</param>
        </member>
        <member name="M:CustomControls.Bar.MoveArrow(CustomControls.ArrowData,System.Windows.Point,System.Nullable{System.Double})">
            <summary>
            Move the arrow according to the supplied 'position'. Return whether arrow was moved or not.
            <para/>If the arrow's new computed Canvas.Left/Top value == arrow's existing value, return false.
            </summary>
            <param name="ad">The ArrowData of the current arrow.</param>
            <param name="position">The Left/Top of the new arrow position.</param>
            <param name="prevPosition">If null, use GetValue(), else use this value.</param>
        </member>
        <member name="M:CustomControls.Bar.InitBounds(CustomControls.ArrowData)">
            <summary>
             Initializes the Bounds that the specified arrow can move inside.
            </summary>
            <param name="ad">The arrow about to be moved.</param>
        </member>
        <member name="M:CustomControls.Bar.AdjustBounds(System.Windows.Point,System.Boolean)">
            <summary>
            A continual mouse-down is in operation. Adjust the Bounds limits according to the mouse position.
            </summary>
            <param name="mouseCoords">The coords of the mouse position adjusted to Left/Top property.</param>
            <param name="leftDown">true: Move arrow visually down, else up.</param>
        </member>
        <member name="M:CustomControls.Bar.CreateArrowData(System.Double,System.Boolean,System.Boolean)">
            <summary>
            Calls the oveload CreateArrowData(PointFromValue(value), isMoveable) and initializes the arrow.
            </summary>
            <param name="value">The intended Value property of the arrow.</param>
        </member>
        <member name="M:CustomControls.Bar.NormalizeLocation(System.Double,System.Boolean)">
            <summary>
            If the new location is outside a Bounds limit, return the Bounds limit.
            <para/>If the upper bounds is LT the lower bounds, return null.
            <para/>If the new location was not derived from a double-click event, return the location.
            </summary>
            <param name="location">The pertinent position on the trackbar to which the Left/Top property of the arrow is to be moved to.</param>
        </member>
        <member name="M:CustomControls.Bar.GetAdjacentArrow(System.Windows.Point,System.Boolean@)">
            <summary>
            Return either null, or the adjacent, selected, moveable arrow to the supplied mouse coords. 
            </summary>
            <param name="mouseCoords">The coords of the current mouse position on my Canvas.</param>
            <param name="moveLeft">The direction to move the arrow.</param>
        </member>
        <member name="M:CustomControls.Bar.GetValidArrow">
            <summary>
            Find and return the moveable, selected arrow. If not present return null.
            </summary>
        </member>
        <member name="M:CustomControls.HorizontalBar.MoveArrow(CustomControls.ArrowData,System.Windows.Point,System.Nullable{System.Double})">
            <summary>
            Move the arrow according to the supplied 'position'.
            <para/>If the arrow's new Canvas.Left value == arrow's existing value, return null else
            <para/>return the position the arrow is moved to.
            </summary>
            <param name="ad">The ArrowData of the current arrow.</param>
            <param name="position">The Left value of the new arrow position.</param>
            <param name="prevPosition">If not null, use this instead of GetValue().</param>
        </member>
        <member name="M:CustomControls.HorizontalBar.DrawBar">
            <summary>
            Draw the horizontal bar.
            </summary>
        </member>
        <member name="M:CustomControls.HorizontalBar.CreateArrowData(System.Windows.Point,System.Boolean,System.Boolean)">
            <summary>
            
            </summary>
            <param name="p">A Point in MS coords and within MS.canvas.</param>
            <param name="isUser"></param>
            <param name="isMoveable"></param>
        </member>
        <member name="M:CustomControls.HorizontalBar.SetArrowPos(CustomControls.ArrowData,System.Double)">
            <summary>
            Set arrow's Canvas position on the trackbar.
            <para/>Ensure value lies BETWEEN adjacent arrows and that it will fit.
            </summary>
            <param name="value">The arrow's GetValue.</param>
        </member>
        <member name="M:CustomControls.HorizontalBar.AdjustBounds(System.Windows.Point,System.Boolean)">
            <summary>
            A continual mouse-down is in operation. Adjust the Bounds limits according to the supplied parameters.
            <para/>Make a Bounds limit be 'mouseCoords' value according to 'leftDown'.
            </summary>
            <param name="mouseCoords">The coords of the mouse position adjusted to Left property.</param>
            <param name="movingLeft">true: Moving arrow visually left, else right.</param>
        </member>
        <member name="M:CustomControls.HorizontalBar.PointFromValue(System.Double)">
            <summary>
            Return the center-point of the new arrow position according to the supplied new value.
            </summary>
        </member>
        <member name="M:CustomControls.HorizontalBar.GetAdjacentArrow(System.Windows.Point,System.Boolean@)">
            <summary>
            Return null or the adjacent, selected, moveable arrow to the suppied mouse coords. 
            </summary>
            <param name="mouseCoords">The coords of the current mouse position on my Canvas.</param>
            <param name="movingLeft">true: move selected arrow left/down else move right/up</param>
        </member>
        <member name="M:CustomControls.VerticalBar.MoveArrow(CustomControls.ArrowData,System.Windows.Point,System.Nullable{System.Double})">
            <summary>
            Move the arrow according to the supplied 'position' or the passed 'newLocation'.
            <para/>Return whether arrow was moved or not.
            <para/>If the arrow's new computed Canvas.Top value == arrow's existing value, return false.
            </summary>
            <param name="ad">The ArrowData of the current arrow.</param>
            <param name="position">The Top of the new arrow position.</param>
            <param name="prevPosition">If null, use GetValue(); else use this.</param>
        </member>
        <member name="M:CustomControls.VerticalBar.DrawBar">
            <summary>
            Draw the vertical bar.
            </summary>
        </member>
        <member name="M:CustomControls.VerticalBar.CreateArrowData(System.Windows.Point,System.Boolean,System.Boolean)">
            <summary>
            
            </summary>
            <param name="p">A Point in MS coords and within the trackbar's canvas.</param>
            <param name="isUser"></param>
            <param name="isMoveable"></param>
            <returns></returns>
        </member>
        <member name="M:CustomControls.VerticalBar.SetArrowPos(CustomControls.ArrowData,System.Double)">
            <summary>
            First ensure value lies BETWEEN adjacent arrows and that it will fit.
            </summary>
            <param name="arrowData"></param>
            <param name="value"></param>
        </member>
        <member name="M:CustomControls.VerticalBar.AdjustBounds(System.Windows.Point,System.Boolean)">
            <summary>
            A continual mouse-down is in operation. Adjust the Bounds limits according to the supplied parameters.
            <para/>Make a Bounds limit be 'mouseCoords' value according to 'leftDown'.
            </summary>
            <param name="mouseCoords">The coords of the mouse position adjusted to Top property.</param>
            <param name="movingDown">true: Moving arrow visually down, else up.</param>
        </member>
        <member name="M:CustomControls.VerticalBar.PointFromValue(System.Double)">
            <summary>
            Return the center-point of the new arrow position according to the supplied new value.
            </summary>
        </member>
        <member name="M:CustomControls.VerticalBar.GetAdjacentArrow(System.Windows.Point,System.Boolean@)">
            <summary>
            Return null or the adjacent, selected, moveable arrow to the suppied mouse coords. 
            </summary>
            <param name="mouseCoords">The coords of the current mouse position on my Canvas.</param>
            <param name="movingDown">The direction to move the arrow.</param>
        </member>
        <member name="T:CustomControls.MultiSlider">
            <summary>
            MultiSlider
            </summary>
        </member>
        <member name="M:CustomControls.MultiSlider.MouseLeftButtonUpFinalize(System.Windows.Shapes.Polygon,CustomControls.ArrowData)">
            <summary>
            Release mouse capture, set tool tip Visibility and WasDoubleClicked to false, and set arrowData._prevValue to Value.
            </summary>
        </member>
        <member name="M:CustomControls.MultiSlider.Arrow_KeyDown(System.Object,System.Windows.Input.KeyEventArgs)">
            <summary>
            Detect a cursor key press and also the Alt key.
            <para/>If the Shift key is pressed, shift focus to the next adjacent arrow.
            <para/>Else move the selected arrow along the trackbar by the MultiSlider.Small/LargeChange value.
            </summary>
            <param name="sender">An Polygon.</param>
        </member>
        <member name="M:CustomControls.MultiSlider.Arrow_GotKeyboardFocus(System.Object,System.Windows.Input.KeyboardFocusChangedEventArgs)">
            <summary>
            Get's the ArrowData belonging to the 'sender', sets it's state, and IsSelected to true.
            </summary>
        </member>
        <member name="M:CustomControls.MultiSlider.ProcessHoldingMouseDown(System.Windows.Point,CustomControls.ArrowData,System.Boolean)">
            <summary>
            This is to be run as a BackgroundWorker thread by TrackBar_MouseLeftButtonDown().
            <para/>The reason why is because when TrackBar_MouseLeftButtonUp() exits, so does TrackBar_MouseLeftButtonDown!
            </summary>
        </member>
        <member name="M:CustomControls.MultiSlider.UserControl_GotFocus(System.Object,System.Windows.RoutedEventArgs)">
            <summary>
            Store my ZIndex property. Ensure the tool tip is visually on top of other controls.
            </summary>
        </member>
        <member name="M:CustomControls.MultiSlider.UserControl_LostFocus(System.Object,System.Windows.RoutedEventArgs)">
            <summary>
            Restore my ZIndex property, ready for another control to be visually on top.
            </summary>
        </member>
        <member name="M:CustomControls.MultiSlider.UserControl_KeyDown(System.Object,System.Windows.Input.KeyEventArgs)">
            <summary>
            Detect the Spacebar key. If true, set all arrows to focusable, and set the focus to the first.
            </summary>
        </member>
        <member name="M:CustomControls.MultiSlider.SelectArrow">
            <summary>
            Activating the multislider control - set all to Focusable and select the prior active arrow.
            </summary>
        </member>
        <member name="M:CustomControls.MultiSlider.SetAllIsFocusable(System.Boolean)">
            <summary>
            For use by the main window's tabbing process. Set all arrow polygons' Focusable state.
            </summary>
        </member>
        <member name="P:CustomControls.MultiSlider.ArrowHitPoint">
            <summary>Mouse postion within the current arrow clicked on relative to it's Canvas. </summary>
        </member>
        <member name="M:CustomControls.MultiSlider.CreateArrow(System.Double,System.Double)">
            <summary>
            Create a new arrow whose centre coincides with the passed parms, locate it on screen and return it's associated Canvas.
            </summary>
        </member>
        <member name="M:CustomControls.MultiSlider.InitArrow(CustomControls.ArrowData)">
            <summary>
            Adds arrows Canvas to the trackbar Canvas, sets the event handlers, and sets it to have keyboard focus.
            </summary>
        </member>
        <member name="M:CustomControls.MultiSlider.IsValidValue(System.Double)">
            <summary>
            Is the arrow's value between Minimum and Maximum?
            </summary>
        </member>
        <member name="P:CustomControls.MultiSlider.IsDesignerHosted">
            <summary>
            Are we in the VS Designer mode?
            </summary>
        </member>
        <member name="E:CustomControls.MultiSlider.ArrowCreated">
            <summary>
            Triggered when an arrow is created by double-clicking on the track bar; passes an ArrowData.
            </summary>
        </member>
        <member name="E:CustomControls.MultiSlider.ArrowRightClicked">
            <summary>
            Passes an ArrowData.
            </summary>
        </member>
        <member name="E:CustomControls.MultiSlider.ArrowScrolled">
            <summary>
            Triggered when an arrow is actually moved; passes an ArrowData.
            </summary>
        </member>
        <member name="E:CustomControls.MultiSlider.ArrowDeleted">
             <summary>
            Press Control-key and right-click; passes the deleted ArrowData (NB. does not trigger ArrowRightClicked)
             </summary>
        </member>
        <member name="E:CustomControls.MultiSlider.ArrowLeftClicked">
            <summary>
            Passes an ArrowData.
            </summary>
        </member>
        <member name="E:CustomControls.MultiSlider.ArrowSelected">
            <summary>
            Passes an ArrowData.
            </summary>
        </member>
        <member name="M:CustomControls.MultiSlider.CreateArrow(System.Double,System.Boolean,System.Boolean)">
            <summary>
            Create and show a new arrow without keyboard focus (optional). Return an ArrowData.
            <para/>(Adds the new arrow to ArrowDataList, sorts the list and initializes it).
            </summary>
            <param name="value">A value within Minimum and Maximum properties of the TrackBar.</param>
            <param name="isUser">true: Use the arrow's User state brushes.</param>
            <param name="isMoveable">false: The arrow can neither be moved nor deleted.</param>
            <returns></returns>
        </member>
        <member name="M:CustomControls.MultiSlider.DeleteArrow(System.Int32,System.Boolean)">
            <summary>
            Delete the arrow from the trackbar at the specified index (base 0 starting from the Minimum end).
            <para/>Exception thrown if index not valid.
            </summary>
            <param name="fireArrowDeletedEvent">true: Trigger the ArrowDeleted event.</param>
        </member>
        <member name="M:CustomControls.MultiSlider.DeleteAllArrows(System.Boolean)">
            <summary>
            Delete all of the arrows from the trackbar.
            </summary>
            <param name="fireArrowDeletedEvent">true: Trigger the ArrowDeleted event.</param>
        </member>
        <member name="M:CustomControls.MultiSlider.ArrowAtIndex(System.Int32)">
            <summary>
            Return the arrow at the valid index (base 0 starting from the Minimum end) on the trackbar.
            </summary>
        </member>
        <member name="M:CustomControls.MultiSlider.ValueAtIndex(System.Int32)">
            <summary>
            Return the Value at the valid arrow index (base 0 starting from the Minimum end) on the trackbar.
            </summary>
        </member>
        <member name="P:CustomControls.MultiSlider.ArrowCount">
            <summary>
            Return the number of arrows in the trackbar.
            </summary>
        </member>
        <member name="P:CustomControls.MultiSlider.AutoToolTipPlacement">
            <summary>
            Where to place the auto tool tip relative to the arrow.
            </summary>
        </member>
        <member name="P:CustomControls.MultiSlider.AutoToolTipPrecision">
            <summary>
            Prints the arrow's Value to N decimal places.
            </summary>
        </member>
        <member name="P:CustomControls.MultiSlider.AutoToolTipSigFigs">
            <summary>
            Prints the arrow's Value in N significant figures if N GT 0 and takes precedence over AutoToolTipPrecision.
            </summary>
        </member>
        <member name="P:CustomControls.MultiSlider.HelpText">
            <summary>
            For use by the parent for displaying help in a MessageBox (ends with '\n').
            </summary>
        </member>
        <member name="P:CustomControls.MultiSlider.Minimum">
            <summary>
            Minimum value of the TrackBar.
            </summary>
        </member>
        <member name="P:CustomControls.MultiSlider.Maximum">
            <summary>
            Maximum value of the TrackBar.
            </summary>
        </member>
        <member name="P:CustomControls.MultiSlider.SchemeOverlayColor">
            <summary>
            The color to overlay on the trackbar and arrows brushes (eg. Alpha=10).
            </summary>
        </member>
        <member name="P:CustomControls.MultiSlider.AdornerColor">
            <summary>
            Set/get the adorning circle's color.
            </summary>
        </member>
        <member name="P:CustomControls.MultiSlider.AdornerRatio">
            <summary>
            Set/get the ratio of the adorner circle's diameter relative to the Up arrow width.
            </summary>
        </member>
        <member name="P:CustomControls.MultiSlider.CanDelAddArrows">
            <summary>
            Can the user add or delete arrows?
            </summary>
        </member>
        <member name="P:CustomControls.MultiSlider.ReverseDirection">
            <summary>
            Minimum and Maximum are switched as regards their positions on the trackbar ends.
            </summary>
        </member>
        <member name="P:CustomControls.MultiSlider.SmallChange">
            <summary>
            The Value increment to use when using the cursor keys to move an arrow.
            </summary>
        </member>
        <member name="P:CustomControls.MultiSlider.LargeChange">
            <summary>
            The Value increment to use when either holding the mouse down, or using Alt+Cursor key, to move an arrow.
            </summary>
        </member>
        <member name="P:CustomControls.MultiSlider.Value">
            <summary>
            The value for the first arrow on the trackbar. If the trackbar is empty DoubleNaN is got; or the trackbar is ignored for set.
            </summary>
            <remarks>Useful for a single-arrow slider.</remarks>
        </member>
        <member name="P:CustomControls.MultiSlider.ArrowType">
            <summary>
            LeftUp, RightDown or Rect.
            </summary>
        </member>
        <member name="M:CustomControls.MultiSlider.InitializeComponent">
            <summary>
            InitializeComponent
            </summary>
        </member>
        <member name="T:CustomControls.ArrowData">
            <summary>
            A class for communicating info to the application about the current arrow.
            </summary>
            <remarks>
            My instances are passed to the application via MultiSlider's event handlers.
            </remarks>
        </member>
        <member name="P:CustomControls.ArrowData.IsUser">
            <summary>
            The state to use when setting the 'plain' arrow brushes.
            </summary>
        </member>
        <member name="M:CustomControls.ArrowData.#ctor(CustomControls.MultiSlider,System.Windows.Point,System.Boolean,System.Boolean)">
            <summary>
            Constructor.
            </summary>
            <param name="ms">The trackbar control.</param>
            <param name="p">A Point within MS trackbar lying on the trackbar mid-line.</param>
        </member>
        <member name="P:CustomControls.ArrowData.Value">
            <summary>
            My value relative to the track bar = {Minimum to Maximum}
            </summary>
            <remarks>Re-orders the list of arrows too.</remarks>
        </member>
        <member name="P:CustomControls.ArrowData.IndexInternal">
            <summary>
            Gets the IndexInternal of the arrow. 
            </summary>
            <remarks>Lazy inits because if deleted from the list it is still visible.</remarks>
        </member>
        <member name="T:CustomControls.Properties.Resources">
            <summary>
              A strongly-typed resource class, for looking up localized strings, etc.
            </summary>
        </member>
        <member name="P:CustomControls.Properties.Resources.ResourceManager">
            <summary>
              Returns the cached ResourceManager instance used by this class.
            </summary>
        </member>
        <member name="P:CustomControls.Properties.Resources.Culture">
            <summary>
              Overrides the current thread's CurrentUICulture property for all
              resource lookups using this strongly typed resource class.
            </summary>
        </member>
    </members>
</doc>
